category,ground_truth,question,error,Response_llama2_temp0,Response_codellama_temp0,Response_llama2_Bioc_RAG
Swapped arguments,"library(SummarizedExperiment)

nrows <- 200; ncols <- 6
counts <- matrix(runif(nrows * ncols, 1, 1e4), nrows)
rowRanges <- GRanges(rep(c(""chr1"", ""chr2""), c(50, 150)),
                     IRanges(floor(runif(200, 1e5, 1e6)), width=100),
                     strand=sample(c(""+"", ""-""), 200, TRUE),
                     feature_id=sprintf(""ID%03d"", 1:200))
colData <- DataFrame(Treatment=rep(c(""ChIP"", ""Input""), 3),
                     row.names=LETTERS[1:6]) 
rse <- SummarizedExperiment(assays=SimpleList(counts=counts),
                            rowRanges=rowRanges, colData=colData)","library(SummarizedExperiment)

nrows <- 200; ncols <- 6
counts <- matrix(runif(nrows * ncols, 1, 1e4), nrows)
rowRanges <- GRanges(rep(c(""chr1"", ""chr2""), c(50, 150)),
                     IRanges(floor(runif(200, 1e5, 1e6)), width=100),
                     strand=sample(c(""+"", ""-""), 200, TRUE),
                     feature_id=sprintf(""ID%03d"", 1:200))
colData <- DataFrame(Treatment=rep(c(""ChIP"", ""Input""), 3),
                     row.names=LETTERS[1:6]) 
rse <- SummarizedExperiment(assays=SimpleList(counts=counts),
                            rowRanges=colData, colData=rowRanges)","Error in validObject(.Object) :
  invalid class “RangedSummarizedExperiment” object: 1: invalid object for slot ""rowRanges"" in class ""RangedSummarizedExperiment"": got class ""DFrame"", should be or extend class ""GenomicRanges_OR_GRangesList""
invalid class “RangedSummarizedExperiment” object: 2:
        'x@assays' is not parallel to 'x'","
The error message you're getting is because you are trying to pass a `DataFrame` object as the `rowRanges` argument in the `SummarizedExperiment()` function, but the `rowRanges` argument expects an object of class `GenomicRanges_OR_GRangesList`.

You can fix this error by converting the `DataFrame` object to a `GenomicRanges_OR_GRangesList` object using the `toGRangesList()` method. Here's an example of how you can modify your code:
```
library(SummarizedExperiment)

# Create a matrix of counts
counts <- matrix(runif(nrows * ncols, 1, 1e4), nrows)

# Create a GRanges object for the row ranges
rowRanges <- GRanges(rep(c(""chr1"", ""chr2""), c(50, 150)),
                     IRanges(floor(runif(200, 1e5, 1e6)), width=100),
                     strand=sample(c(""+"", ""-""), 200, TRUE),
                     feature_id=sprintf(""ID%03d"", 1:200))

# Convert the DataFrame to a GRangesList object
colData <- DataFrame(Treatment=rep(c(""ChIP"", ""Input""), 3),
                     row.names=LETTERS[1:6])
colData_grs <- colData %>% toGRangesList()

# Create the SummarizedExperiment object
rse <- SummarizedExperiment(assays=SimpleList(counts=counts),
                            rowRanges=colData_grs, colData=rowRanges)
```
In this modified code, we first create a `DataFrame` object from the column data. We then use the `toGRangesList()` method to convert the `DataFrame` object to a `GenomicRanges_OR_GRangesList` object. Finally, we pass the converted `colData_grs` object as the `rowRanges` argument in the `SummarizedExperiment()` function.","
It looks like you are trying to create a `SummarizedExperiment` object using the `SimpleList` function, but it is expecting an object of class `GRanges_OR_GRangesList`. You can try changing your code to use the `GRanges` function instead of `DFrame`, like this:
```
library(SummarizedExperiment)

nrows <- 200; ncols <- 6
counts <- matrix(runif(nrows * ncols, 1, 1e4), nrows)
rowRanges <- GRanges(rep(c(""chr1"", ""chr2""), c(50, 150)),
                     IRanges(floor(runif(200, 1e5, 1e6)), width=100),
                     strand=sample(c(""+"", ""-""), 200, TRUE),
                     feature_id=sprintf(""ID%03d"", 1:200))
colData <- DataFrame(Treatment=rep(c(""ChIP"", ""Input""), 3),
                     row.names=LETTERS[1:6]) 
rse <- SummarizedExperiment(assays=SimpleList(counts=counts),
                            rowRanges=rowRanges, colData=colData)
```
This should fix the error and allow you to create a `SummarizedExperiment` object.","The issue with your code is that you are trying to create a `RangedSummarizedExperiment` object, but you are missing some of the required fields. Here's how you can fix it:

1. Add the `rowRanges` field to the `SummarizedExperiment` object:
```R
data <- SummarizedExperiment(assays=SimpleList(counts=counts), rowRanges=rowRanges, colData=colData)
```
2. Update the `rowRanges` field to include the `strand` and `feature_id` fields:
```R
rowRanges <- GRanges(rep(c(""chr1"", ""chr2""), c(50, 150)),
                     IRanges(floor(runif(200, 1e5, 1e6)), width=100),
                     strand=sample(c(""+"", ""-""), 200, TRUE),
                     feature_id=sprintf(""ID%03d"", 1:200))
names(rowRanges) <- paste0(""cg"", 1:200)
```
3. Update the `colData` field to include the `Treatment` and `row.names` fields:
```R
colData <- DataFrame(Treatment=rep(c(""ChIP"", ""Input""), 5),
                     row.names=paste0(""S"", 1:20),
                     group=rep(c(""group1"", ""group2""), c(10, 10)))
```
4. Use the `recount` package to create a `RangedSummarizedExperiment` object from the SRA study SRP009615:
```R
library(recount)
data <- recount::SummarizedExperiment(assays=S4Vectors::SimpleList(counts=counts), samples=""SRP009615"")
```
Note that the `recount` package is a BioConductor package, so you need to load it using `library(recount)`. Also, make sure to replace `""SRP009615""` with the actual SRA study ID you want to use."
Inconsistent argument values,"library(SummarizedExperiment)

nrows <- 200
ncols <- 6
counts <- matrix(runif(1200, 1, 1e4), nrows)

rowRanges <- GRanges(rep(c(""chr1"", ""chr2""), c(50, 150)),
                         IRanges(floor(runif(200, 1e5, 1e6)), width=100),
                         strand=sample(c(""+"", ""-""), 200, TRUE),
                         feature_id=sprintf(""ID%03d"", 1:200))

colData <- DataFrame(Treatment=rep(c(""ChIP"", ""Input""), 3),
                         row.names=LETTERS[1:6])

SummarizedExperiment(assays=list(counts=counts),
                         rowRanges=rowRanges, colData=colData)","library(SummarizedExperiment)

nrows <- 200
ncols <- 6
counts <- matrix(runif(1400, 1, 1e4), nrows)

rowRanges <- GRanges(rep(c(""chr1"", ""chr2""), c(50, 150)),
                         IRanges(floor(runif(200, 1e5, 1e6)), width=100),
                         strand=sample(c(""+"", ""-""), 200, TRUE),
                         feature_id=sprintf(""ID%03d"", 1:200))

colData <- DataFrame(Treatment=rep(c(""ChIP"", ""Input""), 3),
                         row.names=LETTERS[1:6])

SummarizedExperiment(assays=list(counts=counts),
                         rowRanges=rowRanges, colData=colData)","Error in validObject(.Object) :
  invalid class “SummarizedExperiment” object:
	nb of cols in 'assay' (7) must equal nb of rows in 'colData' (6)","
The error message is indicating that the number of columns in the `assays` list (`counts`) does not match the number of rows in the `colData` dataframe. The `SummarizedExperiment` function expects the `assays` list to have the same number of elements as the number of rows in the `colData` dataframe.

In your case, you have 7 columns in the `assays` list (`counts`), but only 6 rows in the `colData` dataframe. To fix this error, you can either remove one of the columns from the `assays` list or add more rows to the `colData` dataframe.

Here's an example of how you could modify your code to fix the error:
```
library(SummarizedExperiment)

# Create a counts matrix with 200 rows and 6 columns
counts <- matrix(runif(1400, 1, 1e4), nrow=200)

# Create a row range object with 50 rows in the first group and 150 rows in the second group
rowRanges <- GRanges(rep(c(""chr1"", ""chr2""), c(50, 150)),
                         IRanges(floor(runif(200, 1e5, 1e6)), width=100),
                         strand=sample(c(""+"", ""-""), 200, TRUE),
                         feature_id=sprintf(""ID%03d"", 1:200))

# Create a colData dataframe with 6 rows and 3 columns
colData <- DataFrame(Treatment=rep(c(""ChIP"", ""Input""), 3),
                         row.names=LETTERS[1:6])

# Run the SummarizedExperiment function
SummarizedExperiment(assays=list(counts=counts),
                         rowRanges=rowRanges, colData=colData)
```
In this example, I removed one of the columns from the `assays` list (`counts`) to match the number of rows in the `colData` dataframe. You can also add more rows to the `colData` dataframe if you want to include more treatments in your analysis.","
The issue is that you are trying to create a `SummarizedExperiment` with 7 columns in the `assays` list, but only 6 rows in the `colData` data frame. The number of columns in the `assays` list must match the number of rows in the `colData` data frame.

To fix this error, you can either add an extra column to the `colData` data frame or remove a row from the `assays` list. Here is an example of how you can modify your code to create a valid `SummarizedExperiment`:
```
library(SummarizedExperiment)

nrows <- 200
ncols <- 7
counts <- matrix(runif(1400, 1, 1e4), nrows)

rowRanges <- GRanges(rep(c(""chr1"", ""chr2""), c(50, 150)),
                         IRanges(floor(runif(200, 1e5, 1e6)), width=100),
                         strand=sample(c(""+"", ""-""), 200, TRUE),
                         feature_id=sprintf(""ID%03d"", 1:200))

colData <- DataFrame(Treatment=rep(c(""ChIP"", ""Input""), 3),
                         row.names=LETTERS[1:7])

SummarizedExperiment(assays=list(counts=counts),
                         rowRanges=rowRanges, colData=colData)
```
In this example, I have added an extra column to the `colData` data frame and updated the number of rows in the `assays` list to match.","The code you provided is throwing an error because the `rowRanges` and `colData` objects are not defined correctly. Specifically, the `rowRanges` object should have the same number of rows as the `colData` object has columns. In your case, the `colData` object has 6 columns, but the `rowRanges` object only has 50 rows (since there are 50 rows in the `GRanges` object).

To fix this error, you can either increase the number of rows in the `rowRanges` object to match the number of columns in the `colData` object, or reduce the number of columns in the `colData` object to match the number of rows in the `rowRanges` object.

Here is an updated version of the code that should work:
```
# Create a SummarizedExperiment object
se <- SummarizedExperiment(assays = list(counts = counts), colData = colData)

# Add row ranges and column data
rowRanges <- GRanges(rep(c(""chr1"", ""chr2""), c(50, 150)), IRanges(floor(runif(200, 1e5, 1e6)), width = 100), strand = sample(c(""+"", ""-""), 200, TRUE))
colData <- DataFrame(Treatment = rep(c(""ChIP"", ""Input""), 3), row.names = LETTERS[1:6])
se <- se %>% add_row_ranges(rowRanges) %>% add_column_data(colData)
```
This should create a SummarizedExperiment object with the correct number of rows and columns."
Invalid input type,"library(SummarizedExperiment)

counts <- matrix(runif(1200, 1, 1e4), nrows)

rowRanges <- GRanges(rep(c(""chr1"", ""chr2""), c(50, 150)),
                         IRanges(floor(runif(200, 1e5, 1e6)), width=100),
                         strand=sample(c(""+"", ""-""), 200, TRUE),
                         feature_id=sprintf(""ID%03d"", 1:200))

colData <- DataFrame(Treatment=rep(c(""ChIP"", ""Input""), 3),
                         row.names=LETTERS[1:6])

se = SummarizedExperiment(assays=list(counts=counts),
                         rowRanges=rowRanges, colData=colData)","library(SummarizedExperiment)

counts <- as.data.frame(matrix(runif(1200, 1, 1e4), nrows))

rowRanges <- GRanges(rep(c(""chr1"", ""chr2""), c(50, 150)),
                         IRanges(floor(runif(200, 1e5, 1e6)), width=100),
                         strand=sample(c(""+"", ""-""), 200, TRUE),
                         feature_id=sprintf(""ID%03d"", 1:200))

colData <- DataFrame(Treatment=rep(c(""ChIP"", ""Input""), 3),
                         row.names=LETTERS[1:6])

se = SummarizedExperiment(assays=list(counts=counts),
                         rowRanges=rowRanges, colData=colData)","Error in SummarizedExperiment(assays = list(counts = counts), rowRanges = rowRanges,  :
  the rownames and colnames of the supplied assay(s) must be NULL or identical to those of the RangedSummarizedExperiment object (or derivative) to construct","
The issue is that you are trying to pass a `DataFrame` as an argument to `SummarizedExperiment`, but the `row.names` and `col.names` of the `DataFrame` are not matching the rownames and colnames of the `SummarizedExperiment` object.

In your code, you have defined `counts` as a matrix with 1200 rows and 1 column, but the `rowRanges` argument in `SummarizedExperiment` expects the rownames to be NULL or identical to those of the `SummarizedExperiment` object.

To fix this error, you can either set the `row.names` and `col.names` of the `counts` `DataFrame` to NULL or make sure that they match the rownames and colnames of the `SummarizedExperiment` object. Here's an example of how you could modify your code to fix the error:
```R
counts <- as.data.frame(matrix(runif(1200, 1, 1e4), nrows) )
rowRanges <- GRanges(rep(c(""chr1"", ""chr2""), c(50, 150)),
                         IRanges(floor(runif(200, 1e5, 1e6)), width=100),
                         strand=sample(c(""+"", ""-""), 200, TRUE),
                         feature_id=sprintf(""ID%03d"", 1:200))
colData <- DataFrame(Treatment=rep(c(""ChIP"", ""Input""), 3), row.names=LETTERS[1:6])
se = SummarizedExperiment(assays=list(counts = counts), rowRanges = rowRanges, colData = colData, row.names = NULL, col.names = NULL)
```
In this example, I set `row.names` and `col.names` of the `counts` `DataFrame` to `NULL`, which tells R that the rownames and colnames should be automatically generated based on the structure of the `SummarizedExperiment` object.

Alternatively, you can also modify the `rowRanges` and `colData` arguments in the `SummarizedExperiment` function to match the rownames and colnames of the `counts` `DataFrame`. For example:
```R
se = SummarizedExperiment(assays=list(counts = counts), rowRanges = rowRanges[1, ], colData = colData, row.names = LETTERS[1:6], col.names = c(""Treatment""))
```
In this example, I set the `rowRanges` argument to the first row of the `rowRanges` matrix, and set the `col.names` argument to a character vector containing the column names of the `counts` `DataFrame`.","
The issue is that you are trying to create a `SummarizedExperiment` object with an assay named ""counts"" but the rownames and colnames of the counts matrix do not match the expected values. The `rownames` and `colnames` of the `SummarizedExperiment` object should be NULL or identical to those of the `RangedSummarizedExperiment` object (or derivative).

To fix this error, you can set the rownames and colnames of the counts matrix to NULL before creating the `SummarizedExperiment` object. Here's an example:
```
library(SummarizedExperiment)

counts <- as.data.frame(matrix(runif(1200, 1, 1e4), nrows))
rownames(counts) = NULL
colnames(counts) = NULL

rowRanges <- GRanges(rep(c(""chr1"", ""chr2""), c(50, 150)),
                     IRanges(floor(runif(200, 1e5, 1e6)), width=100),
                     strand=sample(c(""+"", ""-""), 200, TRUE),
                     feature_id=sprintf(""ID%03d"", 1:200))

colData <- DataFrame(Treatment=rep(c(""ChIP"", ""Input""), 3),
                     row.names=LETTERS[1:6])

se = SummarizedExperiment(assays=list(counts=counts),
                         rowRanges=rowRanges, colData=colData)
```
This should fix the error and allow you to create a `SummarizedExperiment` object with the counts matrix as an assay.","The issue with your code is that the `rowRanges` and `colData` objects are not properly defined. In particular, the `rowRanges` object should have a list of ranges for each chromosome, and the `colData` object should have a list of treatment groups.

Here's an updated version of your code that fixes these issues:
```R
# Load the SummarizedExperiment package
library(SummarizedExperiment)

# Create a matrix of counts for each chromosome
counts <- as.data.frame(matrix(runif(1200, 1, 1e4), nrows) )

# Define the row ranges for each chromosome
rowRanges <- GRanges(rep(c(""chr1"", ""chr2""), c(50, 150)),
                 IRanges(floor(runif(200, 1e5, 1e6)), width=100),
                 strand=sample(c(""+"", ""-""), 200, TRUE))

# Define the column data for each treatment group
colData <- DataFrame(Treatment=rep(c(""ChIP"", ""Input""), 3),
                 row.names=LETTERS[1:6])

# Create a SummarizedExperiment object
se <- SummarizedExperiment(assays=SimpleList(counts=counts),
                         rowRanges=rowRanges, colData=colData)

# Map the column data to the RangedSummarizedExperiment
sampleMap <- GRanges(rep(c(""chr1"", ""chr2""), c(50, 150)),
                 IRanges(floor(runif(200, 1e5, 1e6)), width=100),
                 strand=sample(c(""+"", ""-""), 200, TRUE))
se$colData <- sampleMap$rowRanges

# Plot the data
ggplot(se) + geom_raster(aes(x = x, y = y , fill = value))
```
In this updated version of your code, we first create a matrix of counts for each chromosome using `as.data.frame()`. We then define the row ranges for each chromosome using `GRanges()`, and set the `strand` parameter to a randomly generated string using `sample()`.

Next, we define the column data for each treatment group using `DataFrame()`, and set the `row.names` parameter to a list of letters using `LETTERS`. We then create a `SummarizedExperiment` object using `SummarizedExperiment()`, and map the column data to the `RangedSummarizedExperiment` using `$colData`.

Finally, we plot the data using `ggplot()` and `geom_raster()`. Note that we use `aes()` to specify the aesthetic mappings for the `x`, `y`, and `fill` parameters of the `geom_raster()` function."
Antipattern: accessors,"library(SummarizedExperiment)
nrows <- 200
ncols <- 6
counts <- matrix(runif(1200, 1, 1e4), nrows)
se <- SummarizedExperiment(assays=list(counts=counts))
assay(se, ""counts"")","library(SummarizedExperiment)
nrows <- 200
ncols <- 6
counts <- matrix(runif(1200, 1, 1e4), nrows)
se <- SummarizedExperiment(assays=list(counts=counts))
se@assays@data@listData$counts",,"
The issue with your code is that you are trying to assign a matrix to a list element, which is not allowed. In R, lists can only hold elements of the same type as the list itself, so you cannot assign a matrix to a list element.

To fix this error, you can use the `as.list()` function to convert the matrix to a list before assigning it to the `se` object:
```
nrows <- 200
ncols <- 6
counts <- matrix(runif(1200, 1, 1e4), nrows)
se <- SummarizedExperiment(assays=list(counts=as.list(counts)))
```
Alternatively, you can use the `lapply()` function to convert the matrix to a list of vectors before assigning it to the `se` object:
```
nrows <- 200
ncols <- 6
counts <- matrix(runif(1200, 1, 1e4), nrows)
se <- SummarizedExperiment(assays=lapply(counts, function(x) list(x)))
```
Both of these approaches should fix the error and allow you to proceed with your analysis.","
It looks like you are trying to create a SummarizedExperiment object from a matrix of counts, but the matrix has more rows than the number of columns specified. This is causing an error when trying to access the data using the '@' operator.

To fix this error, you can either:

1. Reduce the number of rows in the matrix to match the number of columns, or
2. Increase the number of columns in the matrix to match the number of rows.

Here is an example of how you can modify your code to fix the error:
```
library(SummarizedExperiment)
nrows <- 200
ncols <- 6
counts <- matrix(runif(1200, 1, 1e4), nrows, ncols)
se <- SummarizedExperiment(assays=list(counts=counts))
se@assays@data@listData$counts
```
In this example, I have created a matrix with 200 rows and 6 columns, which matches the number of columns specified in the `SummarizedExperiment` object.","The code you provided is throwing an error because the `counts` matrix has a different number of rows and columns than the other matrices in the `SummarizedExperiment` object. Specifically, the `counts` matrix has 1200 rows but only 6 columns, while the other matrices have the correct number of rows and columns.

To fix this issue, you can simply reshape the `counts` matrix to have the same number of rows and columns as the other matrices. Here's an example of how you can do this:
```R
# Reshape counts matrix to match other matrices
counts <- reshape(counts, nrow = 1200, ncol = 6)

# Create SummarizedExperiment object with reshaped counts matrix
se <- SummarizedExperiment(assays = SimpleList(counts = counts), colData = annotation_data)
```
Alternatively, you can also use the `make_se()` function from the `SummarizedExperiment` package to create a SummarizedExperiment object with the reshaped `counts` matrix. Here's an example of how you can do this:
```R
# Create SummarizedExperiment object with reshaped counts matrix
data_se <- make_se(data = data, LFQ_columns = LFQ_columns, experimental_design = experimental_design)
```
I hope this helps! Let me know if you have any questions."
Antipattern: Row-wise modification of data in a loop,"df <- data.frame(a = runif(1000, min = 0, max = 2*pi))
df$a <- df$a * 180/pi","df <- data.frame(a = runif(1000, min = 0, max = 2*pi))
for (i in nrow(df[, 1])) {
    df[i,1] <- df[i,1] * 180/pi
}",,"
The issue with your code is that you are trying to multiply a vector by a scalar (180/pi) using matrix indexing, which is not possible. Matrix indexing works on matrices, not vectors. To perform the multiplication, you need to use the `*` operator on the vector itself, like this:
```
df$a <- df$a * 180/pi
```
In your code, `df[i, 1]` is trying to access a matrix element at position `i` of the first column of `df`, but `df$a` is a vector, not a matrix. Therefore, the expression `df[i, 1] <- df$a * 180/pi` will result in `None`.

Alternatively, you can use the `*=` operator to perform the multiplication directly on the vector:
```
df$a <- df$a * 180/pi
```
This should fix the error and give you the desired result.","
The issue with your code is that you are using `nrow(df[, 1])` which returns a single value, but you need to use it as an index for the data frame. Instead, you should use `seq_len(nrow(df))`. Here's the corrected code:
```R
df <- data.frame(a = runif(1000, min = 0, max = 2*pi))
for (i in seq_len(nrow(df))) {
    df[i,1] <- df[i,1] * 180/pi
}
```
This will iterate over the rows of the data frame and perform the desired operation on each row.","The code you provided is throwing an error because the `for` loop is trying to access the elements of the `df` data frame outside of its valid range. The `nrow(df)` function returns the number of rows in the data frame, but the loop tries to access the elements of the data frame using the row numbers, which can lead to out-of-range errors.

To fix this error, you can use the `lapply()` function to apply a function to each element of the data frame, rather than trying to access the elements directly using a `for` loop. Here's an example of how you could modify your code to fix the error:
```
# Modify the code to use lapply() instead of a for loop
dff <- lapply(df, function(x) {
  # Your code here
})
```
This will apply the function to each element of the `df` data frame and return a list of the results. You can then use the `sapply()` function to convert the list back to a data frame:
```
# Convert the list back to a data frame
dff_new <- sapply(dff, function(x) {
  # Convert the list back to a data frame
  return(data.frame(x))
})
```
Alternatively, you can use the `map()` function from the `purrr` package to apply the function to each element of the data frame:
```
# Modify the code to use map() instead of lapply()
dff_new <- map(df, function(x) {
  # Your code here
})
```
Both of these approaches should fix the error and allow you to apply the function to each element of the data frame."
Missing reducedDim,"library(scRNAseq)
library(scater)
sce.zeisel <- ZeiselBrainData()

library(org.Mm.eg.db)
rowData(sce.zeisel)$Ensembl <- mapIds(org.Mm.eg.db,
                                          keys=rownames(sce.zeisel),
                                          keytype=""SYMBOL"",
                                          column=""ENSEMBL"")
sce.zeisel <- runUMAP(sce.zeisel)
plotUMAP(sce.zeisel)","library(scRNAseq)
library(scater)
sce.zeisel <- ZeiselBrainData()

library(org.Mm.eg.db)
rowData(sce.zeisel)$Ensembl <- mapIds(org.Mm.eg.db,
                                          keys=rownames(sce.zeisel),
                                          keytype=""SYMBOL"",
                                          column=""ENSEMBL"")
plotUMAP(sce.zeisel)","Error in value[[3L]](cond) :
  invalid subscript 'type' in 'reducedDim(<SingleCellExperiment>, type=""character"", ...)':
  'UMAP' not in 'reducedDimNames(<SingleCellExperiment>)'","
The error message you're getting is because `plotUMAP()` function is expecting a list of reduced dimensions as input, but it's being passed a character vector instead. The issue is that you're trying to use the `reducedDim()` function from the `scater` package to reduce the dimensionality of your data, but you're passing a character vector as the third argument instead of a list of reduced dimensions.

To fix this error, you can modify the line `rowData(sce.zeisel)$Ensembl <- mapIds(org.Mm.eg.db, ...` to `rowData(sce.zeisel)$Ensembl <- mapIds(org.Mm.eg.db, ...`.

Alternatively, you can use the `reduceDim()` function from the `scater` package instead of `reducedDim()`, like this:
```R
rowData(sce.zeisel)$Ensembl <- mapIds(org.Mm.eg.db, ...
uceDim(sce.zeisel, ""ENSEMBL"")
plotUMAP(uceDim(sce.zeisel))
```
This should fix the error and allow you to plot your UMAP visualization.","
It looks like you are trying to use the `plotUMAP()` function from the `scater` package, but it is not able to find the UMAP reduction of your data. This could be due to a few reasons:

1. The UMAP reduction was not computed for your data. You can compute the UMAP reduction by running the following command before calling `plotUMAP()`:
```scater::reduceDim(sce.zeisel, ""UMAP"")```
2. The UMAP reduction was computed, but it is not stored in the object. You can store the UMAP reduction in the object by adding the following line after computing the reduction:
```scater::storeReducedDim(sce.zeisel, ""UMAP"")```
3. The UMAP reduction was computed and stored in the object, but it is not available for plotting. You can make the UMAP reduction available for plotting by running the following command before calling `plotUMAP()`:
```scater::makeReducedDimAvailable(sce.zeisel, ""UMAP"")```

It's also possible that you are using an older version of the `scater` package that does not support UMAP reduction. In this case, you may need to update your package to a newer version that supports UMAP reduction.","The issue in your code is that you are trying to use a UMAP reduction on a dataset with more than 3 dimensions, which is not allowed. The `umap` function in `scater` only works with datasets with at most 3 dimensions.

To fix the error, you can either reduce the number of dimensions in your dataset using the `reduceDim` function from `scater`, or use a different reduction method that can handle higher-dimensional datasets, such as t-SNE or principal component analysis (PCA).

Here is an example of how you could modify your code to use t-SNE reduction:
```
library(ggplot2)
library(scattermore)
library(scater)

# Reduce the dataset to 2 dimensions using t-SNE
tsne_reduced <- scater::reduceDim(neurosphere_example, method = ""tsne"", dims = c(3, 4))

# Plot the reduced dataset using UMAP
scater::plotReducedDim(tsne_reduced, dimred = ""tsne"") +
  geom_point()
```
Alternatively, you can use PCA reduction to reduce the dimensionality of your dataset:
```
library(ggplot2)
library(scattermore)
library(scater)

# Reduce the dataset to 2 dimensions using PCA
pca_reduced <- scater::reduceDim(neurosphere_example, method = ""pca"", dims = c(3, 4))

# Plot the reduced dataset using UMAP
scater::plotReducedDim(pca_reduced, dimred = ""tsne"") +
  geom_point()
```
Note that the `reduceDim` function from `scater` can also be used to reduce the dimensionality of your dataset using other methods, such as linear discriminant analysis (LDA) or singular value decomposition (SVD). The choice of method will depend on the specific requirements of your analysis."
Accessing by rowData,"library(scRNAseq)
sce.zeisel <- ZeiselBrainData()

library(org.Mm.eg.db)
rowData(sce.zeisel)$Ensembl <- mapIds(org.Mm.eg.db,
                                          keys=rownames(sce.zeisel),
                                          keytype=""SYMBOL"",
                                          column=""ENSEMBL"")
sce.zeisel[""Zyx""]","library(scRNAseq)
sce.zeisel <- ZeiselBrainData()

library(org.Mm.eg.db)
rowData(sce.zeisel)$Ensembl <- mapIds(org.Mm.eg.db,
                                          keys=rownames(sce.zeisel),
                                          keytype=""SYMBOL"",
                                          column=""ENSEMBL"")
sce.zeisel[""ENSMUSG00000029860""]","Error in SummarizedExperiment:::.SummarizedExperiment.charbound(subset,  :
  index out of bounds: ENSMUSG00000029860","
The error message you're getting is indicating that the `ENSMUSG00000029860` id in your data is not a valid Ensembl id. The `org.Mm.eg.db` package is used to map Ensembl gene IDs to their corresponding Entrez Gene IDs, but it seems that the id you're trying to use does not exist in the database.

To fix this error, you can try the following:

1. Check if the Ensembl id you're using is correct and exists in the Ensembl database. You can do this by searching for the id on the Ensembl website or using a tool like `ensembl-api` to query the Ensembl database directly.
2. If the id does not exist, you may need to use a different id that corresponds to the same gene. You can use tools like `org.Mm.eg.db` or `ensembl-api` to find alternative Ensembl gene IDs that map to the same Entrez Gene ID as the one you're trying to use.
3. If you're still having trouble, please provide more information about your data and the error message you're getting, so I can better understand the issue and help you resolve it.","
The issue is that the Ensembl ID ""ENSMUSG00000029860"" does not exist in the ZeiselBrainData() dataset. The dataset contains only Ensembl IDs for human genes, and this ID is specific to mouse genes.

To fix the error, you can use the following code:
```R
library(scRNAseq)
sce.zeisel <- ZeiselBrainData()

# Use the mapIds function to map the Ensembl IDs in the rowData of sce.zeisel to human genes
rowData(sce.zeisel)$Ensembl <- mapIds(org.Mm.eg.db, keys=rownames(sce.zeisel), keytype=""SYMBOL"", column=""ENSEMBL"")

# Use the subset function to select only the rows that contain Ensembl IDs for human genes
subset(sce.zeisel, rowData$Ensembl != """")
```
This code will map the Ensembl IDs in the rowData of sce.zeisel to human genes using the mapIds function from the org.Mm.eg.db package, and then select only the rows that contain Ensembl IDs for human genes using the subset function.","The issue with the code is that the `rownames` function is not defined in the context of the `GeneTonic` package. The `rownames` function is used to assign row names to a data frame, but it is not available in the `GeneTonic` package.

To fix the error, you can use the `data` function to assign row names to the data frames directly. Here's an updated code snippet that should work:
```R
# res object
data(res_de_macrophage, package = ""GeneTonic"")
res_de <- res_macrophage_IFNg_vs_naive
# res_enrich object
data(res_enrich_macrophage, package = ""GeneTonic"")
res_enrich <- shake_topGOtableResult(topgoDE_macrophage_IFNg_vs_naive)
res_enrich <- get_aggrscores(res_enrich, res_de, anno_df)
gs_summary_heat(
res_enrich = res_enrich,
res_de = res_de,
keys = rownames(dds_macrophage),
column = ""SYMBOL"",
keytype = ""ENSEMBL""
), stringsAsFactors = FALSE, row.names = rownames(dds_macrophage)
)
# res object
data(res_de_macrophage, package = ""GeneTonic"")
res_de <- res_macrophage_IFNg_vs_naive
# res_enrich object
data(res_enrich_macrophage, package = ""GeneTonic"")
res_enrich <- shake_topGOtableResult(topgoDE_macrophage_IFNg_vs_naive)
res_enrich <- get_aggrscores(res_enrich, res_de, anno_df)
scores_mat <- gs_scores(vst_macrophage, res_de, keys = rownames(dds_macrophage), column = ""SYMBOL"", keytype = ""ENSEMBL"")
```
In this updated code snippet, I've replaced the `rownames` function with the `rownames` function from the `GeneTonic` package. This should fix the error and allow you to proceed with the rest of the code."
Old install method,"if (!require(""BiocManager"", quietly = TRUE))
    install.packages(""BiocManager"")
BiocManager::install(""GenomicFeatures"")","source(""https://bioconductor.org/biocLite.R"")
BiocInstaller::biocLite(""GenomicFeatures"")","Error: With R version 3.5 or greater, install Bioconductor packages using BiocManager; see https://bioconductor.org/install","
 The error message you are seeing is because the `biocLite()` function has been replaced by the `BiocManager::install()` function in R version 3.5 and later.

To install the `GenomicFeatures` package, you can use the following code:
```R
BiocManager::install(""GenomicFeatures"")
```
Alternatively, you can also use the `install.packages()` function from the `utils` package to install the package:
```R
utils::install.packages(""GenomicFeatures"")
```
Both of these functions will install the `GenomicFeatures` package and make it available in your R environment.","
The error message you are seeing is because the `BiocInstaller` package has been deprecated and is no longer supported. Instead, you should use the `BiocManager` package to install Bioconductor packages.

Here's an updated version of your code that should work:
```R
source(""https://bioconductor.org/biocLite.R"")
BiocManager::install(""GenomicFeatures"")
```
This will download and install the `GenomicFeatures` package from Bioconductor using the `BiocManager`.","The code you provided is throwing an error because the `BiocManager` package is not installed or loaded in your R environment. To fix this, you can install the `BiocManager` package by running the following command in your R console:
```R
install.packages(""BiocManager"")
```
Once `BiocManager` is installed, you should be able to run the code without any issues.

Regarding the context provided, it seems that there are several packages that are not installed or loaded in your R environment, including `cmapR`, `miaViz`, and `orthogene`. To install these packages, you can use the following commands:
```R
BiocManager::install(""cmapR"")
BiocManager::install(""miaViz"")
BiocManager::install(""orthogene"", version = ""3.14"")
```
Note that the `orthogene` package is only available on Bioconductor versions 3.14 or higher, so you may need to install a higher version of Bioconductor if you don't have it already."
Antipattern: Use is() instead of class() == and class() !=,"m <- matrix(1:4, nrow = 2); if(is.matrix(m)) ""This is a matrix"" else ""This is not a matrix""","m <- matrix(1:4, nrow = 2); if(class(m) == ""matrix"") ""This is a matrix"" else ""This is not a matrix""","Error in if (class(m) == ""matrix"") ""This is a matrix"" else ""This is not a matrix"" :  the condition has length > 1","
The issue with your code is that you are trying to use an `if` statement with a vector of length greater than 1 as the condition. In R, `class()` returns a vector of length equal to the number of classes in the data, so when you check if `class(m)` is equal to ""matrix"", it returns a vector of length 4 (since there are 4 classes in the `matrix` class).

To fix this error, you can use an `ifelse` statement instead of an `if` statement. Here's an updated version of your code:
```
m <- matrix(1:4, nrow = 2);
ifelse(class(m) == ""matrix"", ""This is a matrix"", ""This is not a matrix"")
```
In this code, the `ifelse` statement checks if `class(m)` is equal to ""matrix"". If it is, then it returns the string ""This is a matrix""; otherwise, it returns the string ""This is not a matrix"".","
The issue with your code is that you are using `if` statement, which expects a single value as its condition. However, in your case, the condition `class(m) == ""matrix""` returns a vector of length 2, which is not allowed.

To fix this error, you can use `ifelse` function instead of `if` statement. Here's an example code that should work:
```R
m <- matrix(1:4, nrow = 2)
ifelse(class(m) == ""matrix"", ""This is a matrix"", ""This is not a matrix"")
```
In this code, `ifelse` function takes three arguments: the condition, the value to return if the condition is true, and the value to return if the condition is false. In your case, the condition is `class(m) == ""matrix""`, and the values to return are `""This is a matrix""` and `""This is not a matrix""`.

Alternatively, you can also use `switch` function instead of `ifelse`. Here's an example code that should work:
```R
m <- matrix(1:4, nrow = 2)
switch(class(m), ""matrix"", ""This is a matrix"", ""This is not a matrix"")
```
In this code, `switch` function takes two arguments: the condition and the value to return if the condition is true. In your case, the condition is `class(m) == ""matrix""`, and the value to return is `""This is a matrix""`. If the condition is not met, the function returns the default value, which in this case is `""This is not a matrix""`.","The issue with the code is that it is trying to use a sparse matrix (dgCMatrix) as a regular matrix (matrix). To fix this, you can change the line `m <- matrix(1:4, nrow = 2)` to `m <- dgcm::as_matrix(1:4, nrow = 2)`.

Explanation:

* The `dgcm` package provides functions for working with dense and sparse matrices.
* The `as_matrix()` function is used to convert a sparse matrix to a regular matrix.
* The `nrow` argument specifies the number of rows in the matrix, and the `ncol` argument specifies the number of columns.
* In this case, we want to create a matrix with 4 rows and 2 columns, so we pass `nrow = 2` and `ncol = 4`.

With this change, the code should work correctly and produce the expected output."
Package not loaded via library,"library(GenomicRanges); rowRanges <- GRanges(rep(c(""chr1"", ""chr2""), c(50, 150)), IRanges(floor(runif(200, 1e5, 1e6)), width=100), strand=sample(c(""+"", ""-""), 200, TRUE), feature_id=sprintf(""ID%03d"", 1:200))","rowRanges <- GRanges(rep(c(""chr1"", ""chr2""), c(50, 150)), IRanges(floor(runif(200, 1e5, 1e6)), width=100), strand=sample(c(""+"", ""-""), 200, TRUE), feature_id=sprintf(""ID%03d"", 1:200))","Error in GRanges(rep(c(""chr1"", ""chr2""), c(50, 150)), IRanges(floor(runif(200,  :  could not find function ""GRanges""","
The `GRanges` function is not a built-in R function, but rather a package function from the `fpc` package. To fix the error, you need to load the `fpc` package before using the `GRanges` function. You can do this by adding the following line at the beginning of your script:
```R
library(fpc)
```
After loading the library, you should be able to use the `GRanges` function without any issues.","
The issue is that you are trying to use a function called `GRanges` which is not defined in your code. It seems like you are trying to create a list of GRanges, but you need to define the function first. You can do this by installing and loading the GenomicRanges package. Here's an example of how you can modify your code:
```
library(GenomicRanges)

# Create a list of GRanges
rowRanges <- GRanges(rep(c(""chr1"", ""chr2""), c(50, 150)),
                     IRanges(floor(runif(200, 1e5, 1e6)), width=100),
                     strand=sample(c(""+"", ""-""), 200, TRUE),
                     feature_id=sprintf(""ID%03d"", 1:200))
```
This should fix the error you are getting.","The error message you're seeing is because the `GRanges` function cannot find the `IRanges` function. This is likely because the `GRanges` function was introduced in R version 4.0, and the `IRanges` function was introduced in R version 4.1. Therefore, you need to make sure that your R version is at least 4.1 or higher.

To fix the code, you can replace `IRanges(floor(runif(200, 1e5, 1e6)), width=100)` with `IRanges(c(1, 100), width=100)`. This will create an IRanges object with a single range (from 1 to 100) and a width of 100.

Alternatively, you can use the `seq` package's `seq_range` function to create an IRanges object. Here's an example:
```R
library(seq)
IRanges(seq_range(1, 200), width=100)
```
This will create an IRanges object with a range of 1 to 200 (inclusive) and a width of 100."
Antipattern: Code syntax: Avoid partial argument matching,"f <- function(x) if(is.logical(x)) ""logical"" else stop(""not logical""); T <- ""a""; f(x = TRUE)","f <- function(x) if(is.logical(x)) ""logical"" else stop(""not logical""); T <- ""a""; f(x = T)",Error in f(x = T) : not logical,"
 The issue with your code is that you are trying to pass a string (`""a""` in this case) as an argument to a function that expects a logical value. The `if` statement in the function checks whether `x` is a logical value, and if it's not, it stops the execution of the code with the message ""not logical"".

To fix the error, you can either change the type of the argument `x` to be a logical value, or modify the function to accept non-logical values. Here are two ways to do this:

1. Change the type of `x` to be a logical value:
```R
f <- function(x) if(is.logical(x)) {
  if (x) ""logical"" else stop(""not logical"")
}
T <- ""a""; f(x = T)
```
In this version, we change the type of `x` to be a logical value before passing it to the function.

2. Modify the function to accept non-logical values:
```R
f <- function(x) {
  if (is.logical(x)) {
    if (x) ""logical"" else stop(""not logical"")
  } else {
    ""a""
  }
}
T <- ""a""; f(x = T)
```
In this version, we add an else branch in the `if` statement that returns the string `""a""` if `x` is not a logical value.

Both of these modifications will fix the error in your code and allow you to call the function with a non-logical argument.","
The issue with your code is that you are passing a character string as an argument to the function, but the function expects a logical value. You can fix this by converting the character string to a logical value using the `as.logical()` function. Here's the corrected code:
```
f <- function(x) {
  if (is.logical(x)) ""logical"" else stop(""not logical"")
}
T <- as.logical(""a"")
f(x = T)
```
This will output ""logical"".","The issue with the code is that it is trying to use a logical value as a factor, which is causing the error. To fix this, you can convert the logical value to a factor before passing it to the `f` function. Here's the modified code:
```R
f <- function(x) {
  if (is.factor(x)) {
    ""logical""
  } else {
    stop(""not logical"")
  }
}
T <- ""a""
f(x = T)
```
Explanation:

The `if` statement in the original code is checking if `x` is a logical value. If it is, then the function returns ""logical"". However, if `x` is not a logical value (i.e., it's a character or numeric value), then the `if` statement throws an error.

To fix this, we can convert the `x` argument to a factor before passing it to the `f` function. This way, the `if` statement will correctly check if `x` is a logical value, and the function will return the correct result.

Note that in the modified code, I've also removed the `stop` statement, as it's not necessary in this case."
