category,ground_truth,question,error,Response_Azure_Bioc_RAG,Response_Azure_GPT4_Temp0
Swapped arguments,"library(SummarizedExperiment)

nrows <- 200; ncols <- 6
counts <- matrix(runif(nrows * ncols, 1, 1e4), nrows)
rowRanges <- GRanges(rep(c(""chr1"", ""chr2""), c(50, 150)),
                     IRanges(floor(runif(200, 1e5, 1e6)), width=100),
                     strand=sample(c(""+"", ""-""), 200, TRUE),
                     feature_id=sprintf(""ID%03d"", 1:200))
colData <- DataFrame(Treatment=rep(c(""ChIP"", ""Input""), 3),
                     row.names=LETTERS[1:6]) 
rse <- SummarizedExperiment(assays=SimpleList(counts=counts),
                            rowRanges=rowRanges, colData=colData)","library(SummarizedExperiment)

nrows <- 200; ncols <- 6
counts <- matrix(runif(nrows * ncols, 1, 1e4), nrows)
rowRanges <- GRanges(rep(c(""chr1"", ""chr2""), c(50, 150)),
                     IRanges(floor(runif(200, 1e5, 1e6)), width=100),
                     strand=sample(c(""+"", ""-""), 200, TRUE),
                     feature_id=sprintf(""ID%03d"", 1:200))
colData <- DataFrame(Treatment=rep(c(""ChIP"", ""Input""), 3),
                     row.names=LETTERS[1:6]) 
rse <- SummarizedExperiment(assays=SimpleList(counts=counts),
                            rowRanges=colData, colData=rowRanges)","Error in validObject(.Object) :
  invalid class “RangedSummarizedExperiment” object: 1: invalid object for slot ""rowRanges"" in class ""RangedSummarizedExperiment"": got class ""DFrame"", should be or extend class ""GenomicRanges_OR_GRangesList""
invalid class “RangedSummarizedExperiment” object: 2:
        'x@assays' is not parallel to 'x'","The error message indicates that the `rowRanges` and `colData` arguments in the `SummarizedExperiment` function are swapped. The `rowRanges` argument should be a `GRanges` object, and the `colData` argument should be a `DataFrame` object. 

Here is the corrected code:

```R
library(SummarizedExperiment)

nrows <- 200; ncols <- 6
counts <- matrix(runif(nrows * ncols, 1, 1e4), nrows)
rowRanges <- GRanges(rep(c(""chr1"", ""chr2""), c(50, 150)),
                     IRanges(floor(runif(200, 1e5, 1e6)), width=100),
                     strand=sample(c(""+"", ""-""), 200, TRUE),
                     feature_id=sprintf(""ID%03d"", 1:200))
colData <- DataFrame(Treatment=rep(c(""ChIP"", ""Input""), 3),
                     row.names=LETTERS[1:6]) 
rse <- SummarizedExperiment(assays=SimpleList(counts=counts),
                            rowRanges=rowRanges, colData=colData)
```

This code creates a `SummarizedExperiment` object with the `counts` matrix as the assay data, the `rowRanges` GRanges object as the row ranges, and the `colData` DataFrame as the column data [doc1][doc3].

Please note that this model works only on the top 500 most used Bioconductor packages. If you have further questions, you may want to refer to https://bioconductor.org.","The error message is indicating that the `rowRanges` and `colData` arguments in the `SummarizedExperiment` function are not in the correct order. The `rowRanges` argument should be a `GRanges` object and the `colData` argument should be a `DataFrame` object. 

In your code, you have mistakenly switched these two arguments. Here is the corrected code:

```R
library(SummarizedExperiment)

nrows <- 200; ncols <- 6
counts <- matrix(runif(nrows * ncols, 1, 1e4), nrows)
rowRanges <- GRanges(rep(c(""chr1"", ""chr2""), c(50, 150)),
                     IRanges(floor(runif(200, 1e5, 1e6)), width=100),
                     strand=sample(c(""+"", ""-""), 200, TRUE),
                     feature_id=sprintf(""ID%03d"", 1:200))
colData <- DataFrame(Treatment=rep(c(""ChIP"", ""Input""), 3),
                     row.names=LETTERS[1:6]) 
rse <- SummarizedExperiment(assays=SimpleList(counts=counts),
                            rowRanges=rowRanges, colData=colData)
```

In this corrected code, `rowRanges=rowRanges` and `colData=colData` are now in the correct order."
Inconsistent argument values,"library(SummarizedExperiment)

nrows <- 200
ncols <- 6
counts <- matrix(runif(1200, 1, 1e4), nrows)

rowRanges <- GRanges(rep(c(""chr1"", ""chr2""), c(50, 150)),
                         IRanges(floor(runif(200, 1e5, 1e6)), width=100),
                         strand=sample(c(""+"", ""-""), 200, TRUE),
                         feature_id=sprintf(""ID%03d"", 1:200))

colData <- DataFrame(Treatment=rep(c(""ChIP"", ""Input""), 3),
                         row.names=LETTERS[1:6])

SummarizedExperiment(assays=list(counts=counts),
                         rowRanges=rowRanges, colData=colData)","library(SummarizedExperiment)

nrows <- 200
ncols <- 6
counts <- matrix(runif(1400, 1, 1e4), nrows)

rowRanges <- GRanges(rep(c(""chr1"", ""chr2""), c(50, 150)),
                         IRanges(floor(runif(200, 1e5, 1e6)), width=100),
                         strand=sample(c(""+"", ""-""), 200, TRUE),
                         feature_id=sprintf(""ID%03d"", 1:200))

colData <- DataFrame(Treatment=rep(c(""ChIP"", ""Input""), 3),
                         row.names=LETTERS[1:6])

SummarizedExperiment(assays=list(counts=counts),
                         rowRanges=rowRanges, colData=colData)","Error in validObject(.Object) :
  invalid class “SummarizedExperiment” object:
	nb of cols in 'assay' (7) must equal nb of rows in 'colData' (6)","The error message you're getting is indicating that the number of columns in your 'counts' matrix (which is 7) does not match the number of rows in your 'colData' DataFrame (which is 6). 

In the SummarizedExperiment object, the number of columns in the 'counts' matrix should match the number of rows in the 'colData' DataFrame. This is because each column in the 'counts' matrix corresponds to a sample, and each sample should have associated data in the 'colData' DataFrame.

In your code, you've defined 'ncols' as 6, but when you create the 'counts' matrix, you're not using 'ncols'. Instead, you're creating a matrix with 1400 elements, which when divided by 'nrows' (200), results in 7 columns. 

To fix the error, you should use 'ncols' when creating the 'counts' matrix. Here's the corrected code:

```R
library(SummarizedExperiment)

nrows <- 200
ncols <- 6
counts <- matrix(runif(nrows * ncols, 1, 1e4), nrows)

rowRanges <- GRanges(rep(c(""chr1"", ""chr2""), c(50, 150)),
                         IRanges(floor(runif(200, 1e5, 1e6)), width=100),
                         strand=sample(c(""+"", ""-""), 200, TRUE),
                         feature_id=sprintf(""ID%03d"", 1:200))

colData <- DataFrame(Treatment=rep(c(""ChIP"", ""Input""), 3),
                         row.names=LETTERS[1:6])

SummarizedExperiment(assays=list(counts=counts),
                         rowRanges=rowRanges, colData=colData)
```

This should resolve the error you're encountering. 

Please note that this model works only on the top 500 most used Bioconductor packages. If you have further questions, you may want to refer to the official Bioconductor documentation at https://bioconductor.org.","The error message is indicating that the number of columns in your 'counts' matrix (which is 7) does not match the number of rows in your 'colData' DataFrame (which is 6). 

The 'counts' matrix is being used as the assay data for the SummarizedExperiment object, and the 'colData' DataFrame is being used as the column metadata. These two must have the same dimensions along the column axis for the SummarizedExperiment object to be valid.

The issue is with this line of code:

`counts <- matrix(runif(1400, 1, 1e4), nrows)`

Here, you're creating a matrix with 1400 elements and 200 rows. Since 1400 divided by 200 equals 7, this results in a matrix with 7 columns.

To fix the error, you need to adjust the number of elements in the 'counts' matrix so that it matches the number of rows in 'colData'. Since 'colData' has 6 rows, 'counts' should have 6 columns. 

Here's the corrected code:

```R
library(SummarizedExperiment)

nrows <- 200
ncols <- 6
counts <- matrix(runif(nrows*ncols, 1, 1e4), nrows)

rowRanges <- GRanges(rep(c(""chr1"", ""chr2""), c(50, 150)),
                         IRanges(floor(runif(200, 1e5, 1e6)), width=100),
                         strand=sample(c(""+"", ""-""), 200, TRUE),
                         feature_id=sprintf(""ID%03d"", 1:200))

colData <- DataFrame(Treatment=rep(c(""ChIP"", ""Input""), 3),
                         row.names=LETTERS[1:6])

SummarizedExperiment(assays=list(counts=counts),
                         rowRanges=rowRanges, colData=colData)
```

In this corrected code, the 'counts' matrix is created with `nrows*ncols` elements, which results in a matrix with 6 columns, matching the number of rows in 'colData'."
Invalid input type,"library(SummarizedExperiment)

counts <- matrix(runif(1200, 1, 1e4), nrows)

rowRanges <- GRanges(rep(c(""chr1"", ""chr2""), c(50, 150)),
                         IRanges(floor(runif(200, 1e5, 1e6)), width=100),
                         strand=sample(c(""+"", ""-""), 200, TRUE),
                         feature_id=sprintf(""ID%03d"", 1:200))

colData <- DataFrame(Treatment=rep(c(""ChIP"", ""Input""), 3),
                         row.names=LETTERS[1:6])

se = SummarizedExperiment(assays=list(counts=counts),
                         rowRanges=rowRanges, colData=colData)","library(SummarizedExperiment)

counts <- as.data.frame(matrix(runif(1200, 1, 1e4), nrows))

rowRanges <- GRanges(rep(c(""chr1"", ""chr2""), c(50, 150)),
                         IRanges(floor(runif(200, 1e5, 1e6)), width=100),
                         strand=sample(c(""+"", ""-""), 200, TRUE),
                         feature_id=sprintf(""ID%03d"", 1:200))

colData <- DataFrame(Treatment=rep(c(""ChIP"", ""Input""), 3),
                         row.names=LETTERS[1:6])

se = SummarizedExperiment(assays=list(counts=counts),
                         rowRanges=rowRanges, colData=colData)","Error in SummarizedExperiment(assays = list(counts = counts), rowRanges = rowRanges,  :
  the rownames and colnames of the supplied assay(s) must be NULL or identical to those of the RangedSummarizedExperiment object (or derivative) to construct","The error message you're getting suggests that the row names and column names of your `counts` data frame do not match the row names and column names of the `SummarizedExperiment` object you're trying to create. 

In your case, the row names of `counts` should match the `feature_id` in `rowRanges`, and the column names of `counts` should match the row names in `colData`.

Here's how you can fix your code:

```R
library(SummarizedExperiment)

nrows <- 200
ncols <- 6

counts <- as.data.frame(matrix(runif(nrows * ncols, 1, 1e4), nrows))

rowRanges <- GRanges(rep(c(""chr1"", ""chr2""), c(50, 150)),
                         IRanges(floor(runif(200, 1e5, 1e6)), width=100),
                         strand=sample(c(""+"", ""-""), 200, TRUE),
                         feature_id=sprintf(""ID%03d"", 1:200))

colData <- DataFrame(Treatment=rep(c(""ChIP"", ""Input""), 3),
                         row.names=LETTERS[1:6])

# Set the row names and column names of counts to match those of rowRanges and colData
rownames(counts) <- rowRanges$feature_id
colnames(counts) <- rownames(colData)

se = SummarizedExperiment(assays=list(counts=counts),
                         rowRanges=rowRanges, colData=colData)
```

This should resolve the error you're encountering. Please note that the `SummarizedExperiment` function expects the row names and column names of the `counts` data frame to match the `feature_id` in `rowRanges` and the row names in `colData` respectively [doc1].

Please note that this model works only on the top 500 most used Bioconductor packages. If you have further questions or encounter issues with other packages, I recommend referring to the specific package vignettes or the Bioconductor website (https://bioconductor.org).","The error message is indicating that the row names and column names of the 'counts' data frame must be identical to those of the 'rowRanges' and 'colData' objects. 

However, in your code, you didn't define 'nrows' for the 'counts' data frame, and you didn't set row names for 'counts', 'rowRanges', and 'colData'. 

Here is a corrected version of your code:

```R
library(SummarizedExperiment)
library(GenomicRanges)

# Define nrows
nrows <- 200

counts <- as.data.frame(matrix(runif(1200, 1, 1e4), nrows))

# Set row names for counts
rownames(counts) <- sprintf(""ID%03d"", 1:nrows)

rowRanges <- GRanges(rep(c(""chr1"", ""chr2""), c(50, 150)),
                         IRanges(floor(runif(200, 1e5, 1e6)), width=100),
                         strand=sample(c(""+"", ""-""), 200, TRUE),
                         feature_id=sprintf(""ID%03d"", 1:200))

colData <- DataFrame(Treatment=rep(c(""ChIP"", ""Input""), 3),
                         row.names=LETTERS[1:6])

se = SummarizedExperiment(assays=list(counts=counts),
                         rowRanges=rowRanges, colData=colData)
```

In this corrected code, 'nrows' is defined as 200, and the row names of 'counts' are set to be identical to the 'feature_id' of 'rowRanges'."
Antipattern: accessors,"library(SummarizedExperiment)
nrows <- 200
ncols <- 6
counts <- matrix(runif(1200, 1, 1e4), nrows)
se <- SummarizedExperiment(assays=list(counts=counts))
assay(se, ""counts"")","library(SummarizedExperiment)
nrows <- 200
ncols <- 6
counts <- matrix(runif(1200, 1, 1e4), nrows)
se <- SummarizedExperiment(assays=list(counts=counts))
se@assays@data@listData$counts",,"The error you're encountering might be due to the fact that you're trying to directly access the slot of a S4 object using the `@` operator. This is generally not recommended in R, as it bypasses the validity checks that are performed when using accessor functions. 

In the case of a `SummarizedExperiment` object, you should use the `assay()` function to access the assay data. Here's how you can modify your code:

```r
library(SummarizedExperiment)
nrows <- 200
ncols <- 6
counts <- matrix(runif(1200, 1, 1e4), nrows)
se <- SummarizedExperiment(assays=list(counts=counts))
counts_data <- assay(se, ""counts"")
```

In this code, `assay(se, ""counts"")` is used to access the counts data from the `SummarizedExperiment` object [doc2].

Please note that this model works only on the top 500 most used Bioconductor packages. If you still encounter issues, I recommend referring to the Bioconductor website (https://bioconductor.org) for more detailed information and assistance.","The error message 'nan' usually indicates that some operation in your code is producing a result that is not a number (NaN). However, the code you provided seems to be correct and should not produce a 'nan' error. 

The 'nan' error might be caused by some other part of your code or it might be due to the specific data you are using. 

If you are trying to access the counts data from the SummarizedExperiment object, you should use the assay function instead of trying to access the @assays@data@listData$counts directly. Here is how you can do it:

```R
counts_data <- assay(se, ""counts"")
```

This will give you the counts matrix that you stored in the SummarizedExperiment object. If you still get a 'nan' error, you might want to check the values in your counts matrix. If there are any NaN values in the matrix, you might want to handle them before creating the SummarizedExperiment object."
Antipattern: Row-wise modification of data in a loop,"df <- data.frame(a = runif(1000, min = 0, max = 2*pi))
df$a <- df$a * 180/pi","df <- data.frame(a = runif(1000, min = 0, max = 2*pi))
for (i in nrow(df[, 1])) {
    df[i,1] <- df[i,1] * 180/pi
}",,"The error in your code is due to the incorrect use of the `nrow()` function in the `for` loop. The `nrow()` function returns the number of rows in a data frame, but you are using it on a single column of the data frame, which is a vector, not a data frame. 

To fix the error, you should use the `length()` function instead of `nrow()` to get the number of elements in the vector. Here is the corrected code:

```R
df <- data.frame(a = runif(1000, min = 0, max = 2*pi))
for (i in 1:length(df[, 1])) {
    df[i,1] <- df[i,1] * 180/pi
}
```

This code will convert the values in the first column of the data frame from radians to degrees.

Please note that this model works only on the top 500 most used Bioconductor packages. If you have further questions, you may want to refer to https://bioconductor.org.","The error in your code is likely due to the incorrect use of the `nrow()` function. The `nrow()` function returns the number of rows in a data frame, but you are trying to use it on a single column of the data frame. 

Instead, you should use the `length()` function to get the number of elements in the column. Here is the corrected code:

```R
df <- data.frame(a = runif(1000, min = 0, max = 2*pi))
for (i in 1:length(df[, 1])) {
    df[i,1] <- df[i,1] * 180/pi
}
```

This code will create a data frame with 1000 random numbers between 0 and 2*pi, and then convert each of those numbers to degrees by multiplying by 180/pi."
Missing reducedDim,"library(scRNAseq)
library(scater)
sce.zeisel <- ZeiselBrainData()

library(org.Mm.eg.db)
rowData(sce.zeisel)$Ensembl <- mapIds(org.Mm.eg.db,
                                          keys=rownames(sce.zeisel),
                                          keytype=""SYMBOL"",
                                          column=""ENSEMBL"")
sce.zeisel <- runUMAP(sce.zeisel)
plotUMAP(sce.zeisel)","library(scRNAseq)
library(scater)
sce.zeisel <- ZeiselBrainData()

library(org.Mm.eg.db)
rowData(sce.zeisel)$Ensembl <- mapIds(org.Mm.eg.db,
                                          keys=rownames(sce.zeisel),
                                          keytype=""SYMBOL"",
                                          column=""ENSEMBL"")
plotUMAP(sce.zeisel)","Error in value[[3L]](cond) :
  invalid subscript 'type' in 'reducedDim(<SingleCellExperiment>, type=""character"", ...)':
  'UMAP' not in 'reducedDimNames(<SingleCellExperiment>)'","The error message you're seeing indicates that the UMAP dimensionality reduction has not been performed on your SingleCellExperiment object `sce.zeisel`. The `plotUMAP` function is trying to access the UMAP results, but they don't exist yet.

To fix this, you need to run the UMAP dimensionality reduction before you try to plot the results. You can do this using the `runUMAP` function from the `scater` package. Here's how you can modify your code:

```R
library(scRNAseq)
library(scater)
sce.zeisel <- ZeiselBrainData()

library(org.Mm.eg.db)
rowData(sce.zeisel)$Ensembl <- mapIds(org.Mm.eg.db,
                                      keys=rownames(sce.zeisel),
                                      keytype=""SYMBOL"",
                                      column=""ENSEMBL"")

# Run UMAP dimensionality reduction
sce.zeisel <- runUMAP(sce.zeisel)

# Now you can plot the UMAP results
plotUMAP(sce.zeisel)
```

This should resolve the error you're seeing. If you encounter further issues, please let me know [doc4].

Please note that this model works only on the top 500 most used Bioconductor packages.","The error message you're getting suggests that the UMAP (Uniform Manifold Approximation and Projection) dimensionality reduction has not been performed on your SingleCellExperiment object (sce.zeisel) yet. The function plotUMAP() is trying to plot the UMAP results, but it can't find them because they haven't been calculated yet.

You can perform UMAP dimensionality reduction using the `runUMAP()` function from the `scater` package. Here's how you can modify your code:

```R
library(scRNAseq)
library(scater)
library(org.Mm.eg.db)

sce.zeisel <- ZeiselBrainData()

rowData(sce.zeisel)$Ensembl <- mapIds(org.Mm.eg.db,
                                      keys=rownames(sce.zeisel),
                                      keytype=""SYMBOL"",
                                      column=""ENSEMBL"")

# Run UMAP dimensionality reduction
sce.zeisel <- runUMAP(sce.zeisel)

# Now you can plot the UMAP results
plotUMAP(sce.zeisel)
```

Please note that `runUMAP()` function requires a matrix or a matrix-like object as input. If your `sce.zeisel` object is not in the correct format, you might need to convert it first. Also, `runUMAP()` function is not available in the `scater` package, you need to install and load the `uwot` package to use this function."
Accessing by rowData,"library(scRNAseq)
sce.zeisel <- ZeiselBrainData()

library(org.Mm.eg.db)
rowData(sce.zeisel)$Ensembl <- mapIds(org.Mm.eg.db,
                                          keys=rownames(sce.zeisel),
                                          keytype=""SYMBOL"",
                                          column=""ENSEMBL"")
sce.zeisel[""Zyx""]","library(scRNAseq)
sce.zeisel <- ZeiselBrainData()

library(org.Mm.eg.db)
rowData(sce.zeisel)$Ensembl <- mapIds(org.Mm.eg.db,
                                          keys=rownames(sce.zeisel),
                                          keytype=""SYMBOL"",
                                          column=""ENSEMBL"")
sce.zeisel[""ENSMUSG00000029860""]","Error in SummarizedExperiment:::.SummarizedExperiment.charbound(subset,  :
  index out of bounds: ENSMUSG00000029860","The error message you're seeing suggests that the index ""ENSMUSG00000029860"" is not found in your `sce.zeisel` object. This could be because the gene with Ensembl ID ""ENSMUSG00000029860"" is not present in your dataset, or the mapping from gene symbols to Ensembl IDs did not work as expected.

To debug this, you can first check if the Ensembl ID ""ENSMUSG00000029860"" is present in the rowData of your `sce.zeisel` object:

```r
""ENSMUSG00000029860"" %in% rowData(sce.zeisel)$Ensembl
```

If the output is `FALSE`, it means that the Ensembl ID is not present in your dataset. 

If you want to subset your `sce.zeisel` object based on Ensembl IDs, you should use the Ensembl IDs as rownames. Here is how you can do it:

```r
rownames(sce.zeisel) <- rowData(sce.zeisel)$Ensembl
sce.zeisel[""ENSMUSG00000029860""]
```

This will work if ""ENSMUSG00000029860"" is present in your dataset. If it's not, you'll need to use a different Ensembl ID that is present in your dataset.

Please note that this advice is based on the general usage of the SingleCellExperiment object and the `org.Mm.eg.db` package. For more specific advice, you may need to refer to the documentation of the Bioconductor packages you're using or ask for help on the Bioconductor support site: https://support.bioconductor.org/.

Please note that this model works only on the top 500 most used Bioconductor packages.","The error message you're getting suggests that the index ""ENSMUSG00000029860"" is not found in your `sce.zeisel` object. This could be because the mapping from SYMBOL to ENSEMBL ID did not find a match for this particular ID.

Here's a way to handle this:

```R
library(scRNAseq)
sce.zeisel <- ZeiselBrainData()

library(org.Mm.eg.db)
rowData(sce.zeisel)$Ensembl <- mapIds(org.Mm.eg.db,
                                          keys=rownames(sce.zeisel),
                                          keytype=""SYMBOL"",
                                          column=""ENSEMBL"")

# Check if the ID exists in the rowData
if (""ENSMUSG00000029860"" %in% rowData(sce.zeisel)$Ensembl) {
  sce.zeisel[""ENSMUSG00000029860""]
} else {
  print(""ENSMUSG00000029860 not found in rowData"")
}
```

This code will check if the ID ""ENSMUSG00000029860"" exists in the rowData before trying to subset the `sce.zeisel` object. If the ID is not found, it will print a message instead of throwing an error."
Old install method,"if (!require(""BiocManager"", quietly = TRUE))
    install.packages(""BiocManager"")
BiocManager::install(""GenomicFeatures"")","source(""https://bioconductor.org/biocLite.R"")
BiocInstaller::biocLite(""GenomicFeatures"")","Error: With R version 3.5 or greater, install Bioconductor packages using BiocManager; see https://bioconductor.org/install","The error message indicates that you are using an outdated method to install Bioconductor packages. For R version 3.5 and above, you should use `BiocManager` to install Bioconductor packages. Here is how you can modify your code:

```R
if (!requireNamespace(""BiocManager"", quietly = TRUE))
  install.packages(""BiocManager"")

BiocManager::install(""GenomicFeatures"")
```

This code first checks if `BiocManager` is installed. If it's not, it installs `BiocManager`. Then it uses `BiocManager::install()` to install the `GenomicFeatures` package [doc1][doc2][doc3].

Please note that this model works only on the top 500 most used Bioconductor packages. If you have further questions, you may want to refer to https://bioconductor.org.","The error message is suggesting that you should use BiocManager to install Bioconductor packages because you are using R version 3.5 or greater. Here is how you can fix your code:

```R
if (!requireNamespace(""BiocManager"", quietly = TRUE))
    install.packages(""BiocManager"")

BiocManager::install(""GenomicFeatures"")
```

This code first checks if the BiocManager package is installed. If it's not, it installs it. Then it uses BiocManager to install the GenomicFeatures package."
Antipattern: Use is() instead of class() == and class() !=,"m <- matrix(1:4, nrow = 2); if(is.matrix(m)) ""This is a matrix"" else ""This is not a matrix""","m <- matrix(1:4, nrow = 2); if(class(m) == ""matrix"") ""This is a matrix"" else ""This is not a matrix""","Error in if (class(m) == ""matrix"") ""This is a matrix"" else ""This is not a matrix"" :  the condition has length > 1","The error you're encountering is due to the fact that the `class()` function in R can return a vector of length greater than 1 if an object has multiple classes. In your case, you're comparing this potentially multi-element vector to a single string ""matrix"", which is causing the error.

To fix this, you can use the `inherits()` function instead of `class() ==`. The `inherits()` function checks if an object inherits from a specified class, and it always returns a single logical value, which is what the `if` statement expects.

Here's your corrected code:

```r
m <- matrix(1:4, nrow = 2)
if(inherits(m, ""matrix"")) ""This is a matrix"" else ""This is not a matrix""
```

This code will correctly identify whether `m` is a matrix and won't throw an error if `m` has multiple classes.

Please note that this model works only on the top 500 most used Bioconductor packages. For more specific or advanced questions, please refer to the official Bioconductor documentation at https://bioconductor.org.","The error you're getting is because the `class()` function in R can return more than one value, so it's a vector. When you use `==` to compare it with a single string, it can return a vector of logical values, not a single logical value. The `if` statement in R expects a single logical value, not a vector.

To fix this, you can use the `inherits()` function, which checks if an object inherits from a class. Here's how you can modify your code:

```R
m <- matrix(1:4, nrow = 2)
if(inherits(m, ""matrix"")) ""This is a matrix"" else ""This is not a matrix""
```

This code will return ""This is a matrix"" if `m` is a matrix, and ""This is not a matrix"" otherwise."
Package not loaded via library,"library(GenomicRanges); rowRanges <- GRanges(rep(c(""chr1"", ""chr2""), c(50, 150)), IRanges(floor(runif(200, 1e5, 1e6)), width=100), strand=sample(c(""+"", ""-""), 200, TRUE), feature_id=sprintf(""ID%03d"", 1:200))","rowRanges <- GRanges(rep(c(""chr1"", ""chr2""), c(50, 150)), IRanges(floor(runif(200, 1e5, 1e6)), width=100), strand=sample(c(""+"", ""-""), 200, TRUE), feature_id=sprintf(""ID%03d"", 1:200))","Error in GRanges(rep(c(""chr1"", ""chr2""), c(50, 150)), IRanges(floor(runif(200,  :  could not find function ""GRanges""","The error message you're seeing indicates that the function `GRanges` is not found. This function is part of the `GenomicRanges` package in Bioconductor. You need to install and load this package before you can use the `GRanges` function. Here is how you can do it:

```r
if (!requireNamespace(""BiocManager"", quietly = TRUE))
    install.packages(""BiocManager"")

BiocManager::install(""GenomicRanges"")

library(GenomicRanges)

rowRanges <- GRanges(rep(c(""chr1"", ""chr2""), c(50, 150)), 
                     IRanges(floor(runif(200, 1e5, 1e6)), width=100), 
                     strand=sample(c(""+"", ""-""), 200, TRUE), 
                     feature_id=sprintf(""ID%03d"", 1:200))
```

This code first checks if the `BiocManager` package is installed, and if not, it installs it. `BiocManager` is used to install Bioconductor packages. Then it installs the `GenomicRanges` package and loads it into the R session. After that, your `GRanges` function should work as expected.

Please note that this model works only on the top 500 most used Bioconductor packages. If you encounter further issues, consider referring to the Bioconductor website (https://bioconductor.org) for additional resources and support.","The error message you're getting indicates that the function ""GRanges"" could not be found. This is likely because the package that contains this function, ""GenomicRanges"", has not been loaded into your R environment.

You can fix this error by installing and loading the ""GenomicRanges"" package. Here's how you can do it:

```r
# Install the package if you haven't done so
if (!requireNamespace(""BiocManager"", quietly = TRUE))
    install.packages(""BiocManager"")

BiocManager::install(""GenomicRanges"")

# Load the package
library(GenomicRanges)

# Now you can use the GRanges function
rowRanges <- GRanges(rep(c(""chr1"", ""chr2""), c(50, 150)), IRanges(floor(runif(200, 1e5, 1e6)), width=100), strand=sample(c(""+"", ""-""), 200, TRUE), feature_id=sprintf(""ID%03d"", 1:200))
```

This should resolve the error you're facing."
Antipattern: Code syntax: Avoid partial argument matching,"f <- function(x) if(is.logical(x)) ""logical"" else stop(""not logical""); T <- ""a""; f(x = TRUE)","f <- function(x) if(is.logical(x)) ""logical"" else stop(""not logical""); T <- ""a""; f(x = T)",Error in f(x = T) : not logical,"The error you're encountering is due to the fact that the function `f` is designed to only accept logical inputs (i.e., `TRUE` or `FALSE`). However, you're trying to pass a character string `""a""` to the function, which is not a logical value. 

To fix the error, you need to pass a logical value to the function `f`. Here is the corrected code:

```R
f <- function(x) if(is.logical(x)) ""logical"" else stop(""not logical"")
T <- TRUE
f(x = T)
```

In this corrected code, `T` is a logical value (`TRUE`), so the function `f` will return `""logical""` without any error.

Please note that this model works only on the top 500 most used Bioconductor packages. If you have further questions about specific Bioconductor packages, please refer to the package documentation or https://bioconductor.org.","The error is occurring because you're trying to pass a non-logical value (""a"") to a function that only accepts logical values (TRUE or FALSE). 

In R, T is a predefined variable that stands for TRUE. However, when you assign T <- ""a"", you're overwriting the predefined logical value of T with a character value ""a"". 

To fix the error, you should either pass a logical value to the function or modify the function to accept non-logical values. Here's how you can fix it:

Option 1: Pass a logical value to the function
```R
f <- function(x) if(is.logical(x)) ""logical"" else stop(""not logical"")
T <- TRUE
f(x = T)
```

Option 2: Modify the function to accept non-logical values
```R
f <- function(x) if(is.logical(x)) ""logical"" else ""not logical""
T <- ""a""
f(x = T)
```
In the first option, the function will return ""logical"" because T is TRUE (a logical value). In the second option, the function will return ""not logical"" because T is ""a"" (a non-logical value)."
